#,Nom,Type 1,Type 2,Total,PV,Attaque,Défense,Atq. Spé.,Déf. Spé.,Vitesse,Génération,Légendaire
1,Bulbizarre,Plante,Poison,318,45,49,49,65,65,45,1,FAUX
2,Herbizarre,Plante,Poison,405,60,62,63,80,80,60,1,FAUX
3,Florizarre,Plante,Poison,525,80,82,83,100,100,80,1,FAUX
3,Méga-Florizarre,Plante,Poison,625,80,100,123,122,120,80,1,FAUX
4,Salamèche,Feu,,309,39,52,43,60,50,65,1,FAUX
5,Reptincel,Feu,,405,58,64,58,80,65,80,1,FAUX
6,Dracaufeu,Feu,Vol,534,78,84,78,109,85,100,1,FAUX
6,Méga-Dracaufeu X,Feu,Dragon,634,78,130,111,130,85,100,1,FAUX
6,Méga-Dracaufeu Y,Feu,Vol,634,78,104,78,159,115,100,1,FAUX
7,Carapuce,Eau,,314,44,48,65,50,64,43,1,FAUX
8,Carabaffe,Eau,,405,59,63,80,65,80,58,1,FAUX
9,Tortank,Eau,,530,79,83,100,85,105,78,1,FAUX
9,Méga-Tortank,Eau,,630,79,103,120,135,115,78,1,FAUX
10,Chenipan,Insecte,,195,45,30,35,20,20,45,1,FAUX
11,Chrysacier,Insecte,,205,50,20,55,25,25,30,1,FAUX
12,Papilusion,Insecte,Vol,395,60,45,50,90,80,70,1,FAUX
13,Aspicot,Insecte,Poison,195,40,35,30,20,20,50,1,FAUX
14,Coconfort,Insecte,Poison,205,45,25,50,25,25,35,1,FAUX
15,Dardargnan,Insecte,Poison,395,65,90,40,45,80,75,1,FAUX
15,Méga-Dardargnan,Insecte,Poison,495,65,150,40,15,80,145,1,FAUX
16,Roucool,Normal,Vol,251,40,45,40,35,35,56,1,FAUX
17,Roucoups,Normal,Vol,349,63,60,55,50,50,71,1,FAUX
18,Roucarnage,Normal,Vol,479,83,80,75,70,70,101,1,FAUX
18,Méga-Roucarnage,Normal,Vol,579,83,80,80,135,80,121,1,FAUX
19,Rattata,Normal,,253,30,56,35,25,35,72,1,FAUX
20,Rattatac,Normal,,413,55,81,60,50,70,97,1,FAUX
21,Piafabec,Normal,Vol,262,40,60,30,31,31,70,1,FAUX
22,Rapasdepic,Normal,Vol,442,65,90,65,61,61,100,1,FAUX
23,Abo,Poison,,288,35,60,44,40,54,55,1,FAUX
24,Arbok,Poison,,438,60,85,69,65,79,80,1,FAUX
25,Pikachu,Électrik,,320,35,55,40,50,50,90,1,FAUX
26,Raichu,Électrik,,485,60,90,55,90,80,110,1,FAUX
27,Sabelette,Sol,,300,50,75,85,20,30,40,1,FAUX
28,Sablaireau,Sol,,450,75,100,110,45,55,65,1,FAUX
29,Nidoran♀,Poison,,275,55,47,52,40,40,41,1,FAUX
30,Nidorina,Poison,,365,70,62,67,55,55,56,1,FAUX
31,Nidoqueen,Poison,Sol,505,90,92,87,75,85,76,1,FAUX
32,Nidoran♂,Poison,,273,46,57,40,40,40,50,1,FAUX
33,Nidorino,Poison,,365,61,72,57,55,55,65,1,FAUX
34,Nidoking,Poison,Sol,505,81,102,77,85,75,85,1,FAUX
35,Mélofée,Fée,,323,70,45,48,60,65,35,1,FAUX
36,Mélodelfe,Fée,,483,95,70,73,95,90,60,1,FAUX
37,Goupix,Feu,,299,38,41,40,50,65,65,1,FAUX
38,Feunard,Feu,,505,73,76,75,81,100,100,1,FAUX
39,Rondoudou,Normal,Fée,270,115,45,20,45,25,20,1,FAUX
40,Grodoudou,Normal,Fée,435,140,70,45,85,50,45,1,FAUX
41,Nosferapti,Poison,Vol,245,40,45,35,30,40,55,1,FAUX
42,Nosferalto,Poison,Vol,455,75,80,70,65,75,90,1,FAUX
43,Mystherbe,Plante,Poison,320,45,50,55,75,65,30,1,FAUX
44,Ortide,Plante,Poison,395,60,65,70,85,75,40,1,FAUX
45,Rafflesia,Plante,Poison,490,75,80,85,110,90,50,1,FAUX
46,Paras,Insecte,Plante,285,35,70,55,45,55,25,1,FAUX
47,Parasect,Insecte,Plante,405,60,95,80,60,80,30,1,FAUX
48,Mimitoss,Insecte,Poison,305,60,55,50,40,55,45,1,FAUX
49,Aéromite,Insecte,Poison,450,70,65,60,90,75,90,1,FAUX
50,Taupiqueur,Sol,,265,10,55,25,35,45,95,1,FAUX
51,Triopikeur,Sol,,405,35,80,50,50,70,120,1,FAUX
52,Miaouss,Normal,,290,40,45,35,40,40,90,1,FAUX
53,Persian,Normal,,440,65,70,60,65,65,115,1,FAUX
54,Psykokwak,Eau,,320,50,52,48,65,50,55,1,FAUX
55,Akwakwak,Eau,,500,80,82,78,95,80,85,1,FAUX
56,Férosinge,Combat,,305,40,80,35,35,45,70,1,FAUX
57,Colossinge,Combat,,455,65,105,60,60,70,95,1,FAUX
58,Caninos,Feu,,350,55,70,45,70,50,60,1,FAUX
59,Arcanin,Feu,,555,90,110,80,100,80,95,1,FAUX
60,Ptitard,Eau,,300,40,50,40,40,40,90,1,FAUX
61,Têtarte,Eau,,385,65,65,65,50,50,90,1,FAUX
62,Tartard,Eau,Combat,510,90,95,95,70,90,70,1,FAUX
63,Abra,Psy,,310,25,20,15,105,55,90,1,FAUX
64,Kadabra,Psy,,400,40,35,30,120,70,105,1,FAUX
65,Alakazam,Psy,,500,55,50,45,135,95,120,1,FAUX
65,Méga-Alakazam,Psy,,590,55,50,65,175,95,150,1,FAUX
66,Machoc,Combat,,305,70,80,50,35,35,35,1,FAUX
67,Machopeur,Combat,,405,80,100,70,50,60,45,1,FAUX
68,Mackogneur,Combat,,505,90,130,80,65,85,55,1,FAUX
69,Chétiflor,Plante,Poison,300,50,75,35,70,30,40,1,FAUX
70,Boustiflor,Plante,Poison,390,65,90,50,85,45,55,1,FAUX
71,Empiflor,Plante,Poison,490,80,105,65,100,70,70,1,FAUX
72,Tentacool,Eau,Poison,335,40,40,35,50,100,70,1,FAUX
73,Tentacruel,Eau,Poison,515,80,70,65,80,120,100,1,FAUX
74,Racaillou,Roche,Sol,300,40,80,100,30,30,20,1,FAUX
75,Gravalanch,Roche,Sol,390,55,95,115,45,45,35,1,FAUX
76,Grolem,Roche,Sol,495,80,120,130,55,65,45,1,FAUX
77,Ponyta,Feu,,410,50,85,55,65,65,90,1,FAUX
78,Galopa,Feu,,500,65,100,70,80,80,105,1,FAUX
79,Ramoloss,Eau,Psy,315,90,65,65,40,40,15,1,FAUX
80,Flagadoss,Eau,Psy,490,95,75,110,100,80,30,1,FAUX
80,Méga-Flagadoss,Eau,Psy,590,95,75,180,130,80,30,1,FAUX
81,Magnéti,Électrik,Acier,325,25,35,70,95,55,45,1,FAUX
82,Magnéton,Électrik,Acier,465,50,60,95,120,70,70,1,FAUX
83,Canarticho,Normal,Vol,352,52,65,55,58,62,60,1,FAUX
84,Doduo,Normal,Vol,310,35,85,45,35,35,75,1,FAUX
85,Dodrio,Normal,Vol,460,60,110,70,60,60,100,1,FAUX
86,Otaria,Eau,,325,65,45,55,45,70,45,1,FAUX
87,Lamantine,Eau,Glace,475,90,70,80,70,95,70,1,FAUX
88,Tadmorv,Poison,,325,80,80,50,40,50,25,1,FAUX
89,Grotadmorv,Poison,,500,105,105,75,65,100,50,1,FAUX
90,Kokiyas,Eau,,305,30,65,100,45,25,40,1,FAUX
91,Crustabri,Eau,Glace,525,50,95,180,85,45,70,1,FAUX
92,Fantominus,Spectre,Poison,310,30,35,30,100,35,80,1,FAUX
93,Spectrum,Spectre,Poison,405,45,50,45,115,55,95,1,FAUX
94,Ectoplasma,Spectre,Poison,500,60,65,60,130,75,110,1,FAUX
94,Méga-Ectoplasma,Spectre,Poison,600,60,65,80,170,95,130,1,FAUX
95,Onix,Roche,Sol,385,35,45,160,30,45,70,1,FAUX
96,Soporifik,Psy,,328,60,48,45,43,90,42,1,FAUX
97,Hypnomade,Psy,,483,85,73,70,73,115,67,1,FAUX
98,Krabby,Eau,,325,30,105,90,25,25,50,1,FAUX
99,Krabboss,Eau,,475,55,130,115,50,50,75,1,FAUX
100,Voltorbe,Électrik,,330,40,30,50,55,55,100,1,FAUX
101,Électrode,Électrik,,480,60,50,70,80,80,140,1,FAUX
102,Noeunoeuf,Plante,Psy,325,60,40,80,60,45,40,1,FAUX
103,Noadkoko,Plante,Psy,520,95,95,85,125,65,55,1,FAUX
104,Osselait,Sol,,320,50,50,95,40,50,35,1,FAUX
105,Ossatueur,Sol,,425,60,80,110,50,80,45,1,FAUX
106,Kicklee,Combat,,455,50,120,53,35,110,87,1,FAUX
107,Tygnon,Combat,,455,50,105,79,35,110,76,1,FAUX
108,Excelangue,Normal,,385,90,55,75,60,75,30,1,FAUX
109,Smogo,Poison,,340,40,65,95,60,45,35,1,FAUX
110,Smogogo,Poison,,490,65,90,120,85,70,60,1,FAUX
111,Rhinocorne,Sol,Roche,345,80,85,95,30,30,25,1,FAUX
112,Rhinoféros,Sol,Roche,485,105,130,120,45,45,40,1,FAUX
113,Leveinard,Normal,,450,250,5,5,35,105,50,1,FAUX
114,Saquedeneu,Plante,,435,65,55,115,100,40,60,1,FAUX
115,Kangourex,Normal,,490,105,95,80,40,80,90,1,FAUX
115,Méga-Kangourex,Normal,,590,105,125,100,60,100,100,1,FAUX
116,Hypotrempe,Eau,,295,30,40,70,70,25,60,1,FAUX
117,Hypocéan,Eau,,440,55,65,95,95,45,85,1,FAUX
118,Poissirène,Eau,,320,45,67,60,35,50,63,1,FAUX
119,Poissoroy,Eau,,450,80,92,65,65,80,68,1,FAUX
120,Stari,Eau,,340,30,45,55,70,55,85,1,FAUX
121,Staross,Eau,Psy,520,60,75,85,100,85,115,1,FAUX
122,M. Mime,Psy,Fée,460,40,45,65,100,120,90,1,FAUX
123,Insécateur,Insecte,Vol,500,70,110,80,55,80,105,1,FAUX
124,Lippoutou,Glace,Psy,455,65,50,35,115,95,95,1,FAUX
125,Élektek,Électrik,,490,65,83,57,95,85,105,1,FAUX
126,Magmar,Feu,,495,65,95,57,100,85,93,1,FAUX
127,Scarabrute,Insecte,,500,65,125,100,55,70,85,1,FAUX
127,Méga-Scarabrute,Insecte,Vol,600,65,155,120,65,90,105,1,FAUX
128,Tauros,Normal,,490,75,100,95,40,70,110,1,FAUX
129,Magicarpe,Eau,,200,20,10,55,15,20,80,1,FAUX
130,Léviator,Eau,Vol,540,95,125,79,60,100,81,1,FAUX
130,Méga-Léviator,Eau,Ténèbres,640,95,155,109,70,130,81,1,FAUX
131,Lokhlass,Eau,Glace,535,130,85,80,85,95,60,1,FAUX
132,Métamorph,Normal,,288,48,48,48,48,48,48,1,FAUX
133,Évoli,Normal,,325,55,55,50,45,65,55,1,FAUX
134,Aquali,Eau,,525,130,65,60,110,95,65,1,FAUX
135,Voltali,Électrik,,525,65,65,60,110,95,130,1,FAUX
136,Pyroli,Feu,,525,65,130,60,95,110,65,1,FAUX
137,Porygon,Normal,,395,65,60,70,85,75,40,1,FAUX
138,Amonita,Roche,Eau,355,35,40,100,90,55,35,1,FAUX
139,Amonistar,Roche,Eau,495,70,60,125,115,70,55,1,FAUX
140,Kabuto,Roche,Eau,355,30,80,90,55,45,55,1,FAUX
141,Kabutops,Roche,Eau,495,60,115,105,65,70,80,1,FAUX
142,Ptéra,Roche,Vol,515,80,105,65,60,75,130,1,FAUX
142,Méga-Ptéra,Roche,Vol,615,80,135,85,70,95,150,1,FAUX
143,Ronflex,Normal,,540,160,110,65,65,110,30,1,FAUX
144,Artikodin,Glace,Vol,580,90,85,100,95,125,85,1,VRAI
145,Électhor,Électrik,Vol,580,90,90,85,125,90,100,1,VRAI
146,Sulfura,Feu,Vol,580,90,100,90,125,85,90,1,VRAI
147,Minidraco,Dragon,,300,41,64,45,50,50,50,1,FAUX
148,Draco,Dragon,,420,61,84,65,70,70,70,1,FAUX
149,Dracolosse,Dragon,Vol,600,91,134,95,100,100,80,1,FAUX
150,Mewtwo,Psy,,680,106,110,90,154,90,130,1,VRAI
150,Méga-Mewtwo X,Psy,Combat,780,106,190,100,154,100,130,1,VRAI
150,Méga-Mewtwo Y,Psy,,780,106,150,70,194,120,140,1,VRAI
151,Mew,Psy,,600,100,100,100,100,100,100,1,FAUX
152,Germignon,Plante,,318,45,49,65,49,65,45,2,FAUX
153,Macronium,Plante,,405,60,62,80,63,80,60,2,FAUX
154,Méganium,Plante,,525,80,82,100,83,100,80,2,FAUX
155,Héricendre,Feu,,309,39,52,43,60,50,65,2,FAUX
156,Feurisson,Feu,,405,58,64,58,80,65,80,2,FAUX
157,Typhlosion,Feu,,534,78,84,78,109,85,100,2,FAUX
158,Kaiminus,Eau,,314,50,65,64,44,48,43,2,FAUX
159,Crocrodil,Eau,,405,65,80,80,59,63,58,2,FAUX
160,Aligatueur,Eau,,530,85,105,100,79,83,78,2,FAUX
161,Fouinette,Normal,,215,35,46,34,35,45,20,2,FAUX
162,Fouinar,Normal,,415,85,76,64,45,55,90,2,FAUX
163,Hoothoot,Normal,Vol,262,60,30,30,36,56,50,2,FAUX
164,Noarfang,Normal,Vol,442,100,50,50,76,96,70,2,FAUX
165,Coxy,Insecte,Vol,265,40,20,30,40,80,55,2,FAUX
166,Coxyclaque,Insecte,Vol,390,55,35,50,55,110,85,2,FAUX
167,Mimigal,Insecte,Poison,250,40,60,40,40,40,30,2,FAUX
168,Migalos,Insecte,Poison,390,70,90,70,60,60,40,2,FAUX
169,Nostenfer,Poison,Vol,535,85,90,80,70,80,130,2,FAUX
170,Loupio,Eau,Électrik,330,75,38,38,56,56,67,2,FAUX
171,Lanturn,Eau,Électrik,460,125,58,58,76,76,67,2,FAUX
172,Pichu,Électrik,,205,20,40,15,35,35,60,2,FAUX
173,Mélo,Fée,,218,50,25,28,45,55,15,2,FAUX
174,Toudoudou,Normal,Fée,210,90,30,15,40,20,15,2,FAUX
175,Togepi,Fée,,245,35,20,65,40,65,20,2,FAUX
176,Togetic,Fée,Vol,405,55,40,85,80,105,40,2,FAUX
177,Natu,Psy,Vol,320,40,50,45,70,45,70,2,FAUX
178,Xatu,Psy,Vol,470,65,75,70,95,70,95,2,FAUX
179,Wattouat,Électrik,,280,55,40,40,65,45,35,2,FAUX
180,Lainergie,Électrik,,365,70,55,55,80,60,45,2,FAUX
181,Pharamp,Électrik,,510,90,75,85,115,90,55,2,FAUX
181,Méga-Pharamp,Électrik,Dragon,610,90,95,105,165,110,45,2,FAUX
182,Joliflor,Plante,,490,75,80,95,90,100,50,2,FAUX
183,Marill,Eau,Fée,250,70,20,50,20,50,40,2,FAUX
184,Azumarill,Eau,Fée,420,100,50,80,60,80,50,2,FAUX
185,Simularbre,Roche,,410,70,100,115,30,65,30,2,FAUX
186,Tarpaud,Eau,,500,90,75,75,90,100,70,2,FAUX
187,Granivol,Plante,Vol,250,35,35,40,35,55,50,2,FAUX
188,Floravol,Plante,Vol,340,55,45,50,45,65,80,2,FAUX
189,Cotovol,Plante,Vol,460,75,55,70,55,95,110,2,FAUX
190,Capumain,Normal,,360,55,70,55,40,55,85,2,FAUX
191,Tournegrin,Plante,,180,30,30,30,30,30,30,2,FAUX
192,Héliatronc,Plante,,425,75,75,55,105,85,30,2,FAUX
193,Yanma,Insecte,Vol,390,65,65,45,75,45,95,2,FAUX
194,Axoloto,Eau,Sol,210,55,45,45,25,25,15,2,FAUX
195,Maraiste,Eau,Sol,430,95,85,85,65,65,35,2,FAUX
196,Mentali,Psy,,525,65,65,60,130,95,110,2,FAUX
197,Noctali,Ténèbres,,525,95,65,110,60,130,65,2,FAUX
198,Cornèbre,Ténèbres,Vol,405,60,85,42,85,42,91,2,FAUX
199,Roigada,Eau,Psy,490,95,75,80,100,110,30,2,FAUX
200,Feuforêve,Spectre,,435,60,60,60,85,85,85,2,FAUX
201,Zarbi,Psy,,336,48,72,48,72,48,48,2,FAUX
202,Qulbutoké,Psy,,405,190,33,58,33,58,33,2,FAUX
203,Girafarig,Normal,Psy,455,70,80,65,90,65,85,2,FAUX
204,Pomdepik,Insecte,,290,50,65,90,35,35,15,2,FAUX
205,Foretress,Insecte,Acier,465,75,90,140,60,60,40,2,FAUX
206,Insolourdo,Normal,,415,100,70,70,65,65,45,2,FAUX
207,Scorplane,Sol,Vol,430,65,75,105,35,65,85,2,FAUX
208,Steelix,Acier,Sol,510,75,85,200,55,65,30,2,FAUX
208,Méga-Steelix,Acier,Sol,610,75,125,230,55,95,30,2,FAUX
209,Snubbull,Fée,,300,60,80,50,40,40,30,2,FAUX
210,Granbull,Fée,,450,90,120,75,60,60,45,2,FAUX
211,Qwilfish,Eau,Poison,430,65,95,75,55,55,85,2,FAUX
212,Cizayox,Insecte,Acier,500,70,130,100,55,80,65,2,FAUX
212,Méga-Cizayox,Insecte,Acier,600,70,150,140,65,100,75,2,FAUX
213,Caratroc,Insecte,Roche,505,20,10,230,10,230,5,2,FAUX
214,Scarhino,Insecte,Combat,500,80,125,75,40,95,85,2,FAUX
214,Méga-Scarhino,Insecte,Combat,600,80,185,115,40,105,75,2,FAUX
215,Farfuret,Ténèbres,Glace,430,55,95,55,35,75,115,2,FAUX
216,Teddiursa,Normal,,330,60,80,50,50,50,40,2,FAUX
217,Ursaring,Normal,,500,90,130,75,75,75,55,2,FAUX
218,Limagma,Feu,,250,40,40,40,70,40,20,2,FAUX
219,Volcaropod,Feu,Roche,410,50,50,120,80,80,30,2,FAUX
220,Marcacrin,Glace,Sol,250,50,50,40,30,30,50,2,FAUX
221,Cochignon,Glace,Sol,450,100,100,80,60,60,50,2,FAUX
222,Corayon,Eau,Roche,380,55,55,85,65,85,35,2,FAUX
223,Rémoraid,Eau,,300,35,65,35,65,35,65,2,FAUX
224,Octillery,Eau,,480,75,105,75,105,75,45,2,FAUX
225,Cadoizo,Glace,Vol,330,45,55,45,65,45,75,2,FAUX
226,Démanta,Eau,Vol,465,65,40,70,80,140,70,2,FAUX
227,Airmure,Acier,Vol,465,65,80,140,40,70,70,2,FAUX
228,Malosse,Ténèbres,Feu,330,45,60,30,80,50,65,2,FAUX
229,Démolosse,Ténèbres,Feu,500,75,90,50,110,80,95,2,FAUX
229,Méga-Démolosse,Ténèbres,Feu,600,75,90,90,140,90,115,2,FAUX
230,Hyporoi,Eau,Dragon,540,75,95,95,95,95,85,2,FAUX
231,Phanpy,Sol,,330,90,60,60,40,40,40,2,FAUX
232,Donphan,Sol,,500,90,120,120,60,60,50,2,FAUX
233,Porygon2,Normal,,515,85,80,90,105,95,60,2,FAUX
234,Cerfrousse,Normal,,465,73,95,62,85,65,85,2,FAUX
235,Queulorior,Normal,,250,55,20,35,20,45,75,2,FAUX
236,Debugant,Combat,,210,35,35,35,35,35,35,2,FAUX
237,Kapoera,Combat,,455,50,95,95,35,110,70,2,FAUX
238,Lippouti,Glace,Psy,305,45,30,15,85,65,65,2,FAUX
239,Élekid,Électrik,,360,45,63,37,65,55,95,2,FAUX
240,Magby,Feu,,365,45,75,37,70,55,83,2,FAUX
241,Écrémeuh,Normal,,490,95,80,105,40,70,100,2,FAUX
242,Leuphorie,Normal,,540,255,10,10,75,135,55,2,FAUX
243,Raikou,Électrik,,580,90,85,75,115,100,115,2,VRAI
244,Entei,Feu,,580,115,115,85,90,75,100,2,VRAI
245,Suicune,Eau,,580,100,75,115,90,115,85,2,VRAI
246,Embrylex,Roche,Sol,300,50,64,50,45,50,41,2,FAUX
247,Ymphect,Roche,Sol,410,70,84,70,65,70,51,2,FAUX
248,Tyranocif,Roche,Ténèbres,600,100,134,110,95,100,61,2,FAUX
248,Méga-Tyranocif,Roche,Ténèbres,700,100,164,150,95,120,71,2,FAUX
249,Lugia,Psy,Vol,680,106,90,130,90,154,110,2,VRAI
250,Ho-Oh,Feu,Vol,680,106,130,90,110,154,90,2,VRAI
251,Celebi,Psy,Plante,600,100,100,100,100,100,100,2,FAUX
252,Arcko,Plante,,310,40,45,35,65,55,70,3,FAUX
253,Massko,Plante,,405,50,65,45,85,65,95,3,FAUX
254,Jungko,Plante,,530,70,85,65,105,85,120,3,FAUX
254,Méga-Jungko,Plante,Dragon,630,70,110,75,145,85,145,3,FAUX
255,Poussifeu,Feu,,310,45,60,40,70,50,45,3,FAUX
256,Galifeu,Feu,Combat,405,60,85,60,85,60,55,3,FAUX
257,Braségali,Feu,Combat,530,80,120,70,110,70,80,3,FAUX
257,Méga-Braségali,Feu,Combat,630,80,160,80,130,80,100,3,FAUX
258,Gobou,Eau,,310,50,70,50,50,50,40,3,FAUX
259,Flobio,Eau,Sol,405,70,85,70,60,70,50,3,FAUX
260,Laggron,Eau,Sol,535,100,110,90,85,90,60,3,FAUX
260,Méga-Laggron,Eau,Sol,635,100,150,110,95,110,70,3,FAUX
261,Medhyèna,Ténèbres,,220,35,55,35,30,30,35,3,FAUX
262,Grahyèna,Ténèbres,,420,70,90,70,60,60,70,3,FAUX
263,Zigzaton,Normal,,240,38,30,41,30,41,60,3,FAUX
264,Linéon,Normal,,420,78,70,61,50,61,100,3,FAUX
265,Chenipotte,Insecte,,195,45,45,35,20,30,20,3,FAUX
266,Armulys,Insecte,,205,50,35,55,25,25,15,3,FAUX
267,Charmillon,Insecte,Vol,395,60,70,50,100,50,65,3,FAUX
268,Blindalys,Insecte,,205,50,35,55,25,25,15,3,FAUX
269,Papinox,Insecte,Poison,385,60,50,70,50,90,65,3,FAUX
270,Nénupiot,Eau,Plante,220,40,30,30,40,50,30,3,FAUX
271,Lombre,Eau,Plante,340,60,50,50,60,70,50,3,FAUX
272,Ludicolo,Eau,Plante,480,80,70,70,90,100,70,3,FAUX
273,Grainipiot,Plante,,220,40,40,50,30,30,30,3,FAUX
274,Pifeuil,Plante,Ténèbres,340,70,70,40,60,40,60,3,FAUX
275,Tengalice,Plante,Ténèbres,480,90,100,60,90,60,80,3,FAUX
276,Nirondelle,Normal,Vol,270,40,55,30,30,30,85,3,FAUX
277,Hélédelle,Normal,Vol,430,60,85,60,50,50,125,3,FAUX
278,Goélise,Eau,Vol,270,40,30,30,55,30,85,3,FAUX
279,Bekipan,Eau,Vol,430,60,50,100,85,70,65,3,FAUX
280,Tarsal,Psy,Fée,198,28,25,25,45,35,40,3,FAUX
281,Kirlia,Psy,Fée,278,38,35,35,65,55,50,3,FAUX
282,Gardevoir,Psy,Fée,518,68,65,65,125,115,80,3,FAUX
282,Méga-Gardevoir,Psy,Fée,618,68,85,65,165,135,100,3,FAUX
283,Arakdo,Insecte,Eau,269,40,30,32,50,52,65,3,FAUX
284,Maskadra,Insecte,Vol,414,70,60,62,80,82,60,3,FAUX
285,Balignon,Plante,,295,60,40,60,40,60,35,3,FAUX
286,Chapignon,Plante,Combat,460,60,130,80,60,60,70,3,FAUX
287,Parecool,Normal,,280,60,60,60,35,35,30,3,FAUX
288,Vigoroth,Normal,,440,80,80,80,55,55,90,3,FAUX
289,Monaflèmit,Normal,,670,150,160,100,95,65,100,3,FAUX
290,Ningale,Insecte,Sol,266,31,45,90,30,30,40,3,FAUX
291,Ninjask,Insecte,Vol,456,61,90,45,50,50,160,3,FAUX
292,Munja,Insecte,Spectre,236,1,90,45,30,30,40,3,FAUX
293,Chuchmur,Normal,,240,64,51,23,51,23,28,3,FAUX
294,Ramboum,Normal,,360,84,71,43,71,43,48,3,FAUX
295,Brouhabam,Normal,,490,104,91,63,91,73,68,3,FAUX
296,Makuhita,Combat,,237,72,60,30,20,30,25,3,FAUX
297,Hariyama,Combat,,474,144,120,60,40,60,50,3,FAUX
298,Azurill,Normal,Fée,190,50,20,40,20,40,20,3,FAUX
299,Tarinor,Roche,,375,30,45,135,45,90,30,3,FAUX
300,Skitty,Normal,,260,50,45,45,35,35,50,3,FAUX
301,Delcatty,Normal,,380,70,65,65,55,55,70,3,FAUX
302,Ténéfix,Ténèbres,Spectre,380,50,75,75,65,65,50,3,FAUX
302,Méga-Ténéfix,Ténèbres,Spectre,480,50,85,125,85,115,20,3,FAUX
303,Mysdibule,Acier,Fée,380,50,85,85,55,55,50,3,FAUX
303,Méga-Mysdibule,Acier,Fée,480,50,105,125,55,95,50,3,FAUX
304,Galekid,Acier,Roche,330,50,70,100,40,40,30,3,FAUX
305,Galegon,Acier,Roche,430,60,90,140,50,50,40,3,FAUX
306,Galeking,Acier,Roche,530,70,110,180,60,60,50,3,FAUX
306,Méga-Galeking,Acier,,630,70,140,230,60,80,50,3,FAUX
307,Méditikka,Combat,Psy,280,30,40,55,40,55,60,3,FAUX
308,Charmina,Combat,Psy,410,60,60,75,60,75,80,3,FAUX
308,Méga-Charmina,Combat,Psy,510,60,100,85,80,85,100,3,FAUX
309,Dynavolt,Électrik,,295,40,45,40,65,40,65,3,FAUX
310,Élecsprint,Électrik,,475,70,75,60,105,60,105,3,FAUX
310,Méga-Élecsprint,Électrik,,575,70,75,80,135,80,135,3,FAUX
311,Posipi,Électrik,,405,60,50,40,85,75,95,3,FAUX
312,Négapi,Électrik,,405,60,40,50,75,85,95,3,FAUX
313,Muciole,Insecte,,400,65,73,55,47,75,85,3,FAUX
314,Lumivole,Insecte,,400,65,47,55,73,75,85,3,FAUX
315,Rosélia,Plante,Poison,400,50,60,45,100,80,65,3,FAUX
316,Gloupti,Poison,,302,70,43,53,43,53,40,3,FAUX
317,Avaltout,Poison,,467,100,73,83,73,83,55,3,FAUX
318,Carvanha,Eau,Ténèbres,305,45,90,20,65,20,65,3,FAUX
319,Sharpedo,Eau,Ténèbres,460,70,120,40,95,40,95,3,FAUX
319,Méga-Sharpedo,Eau,Ténèbres,560,70,140,70,110,65,105,3,FAUX
320,Wailmer,Eau,,400,130,70,35,70,35,60,3,FAUX
321,Wailord,Eau,,500,170,90,45,90,45,60,3,FAUX
322,Chamallot,Feu,Sol,305,60,60,40,65,45,35,3,FAUX
323,Camérupt,Feu,Sol,460,70,100,70,105,75,40,3,FAUX
323,Méga-Camérupt,Feu,Sol,560,70,120,100,145,105,20,3,FAUX
324,Chartor,Feu,,470,70,85,140,85,70,20,3,FAUX
325,Spoink,Psy,,330,60,25,35,70,80,60,3,FAUX
326,Groret,Psy,,470,80,45,65,90,110,80,3,FAUX
327,Spinda,Normal,,360,60,60,60,60,60,60,3,FAUX
328,Kraknoix,Sol,,290,45,100,45,45,45,10,3,FAUX
329,Vibraninf,Sol,Dragon,340,50,70,50,50,50,70,3,FAUX
330,Libégon,Sol,Dragon,520,80,100,80,80,80,100,3,FAUX
331,Cacnea,Plante,,335,50,85,40,85,40,35,3,FAUX
332,Cacturne,Plante,Ténèbres,475,70,115,60,115,60,55,3,FAUX
333,Tylton,Normal,Vol,310,45,40,60,40,75,50,3,FAUX
334,Altaria,Dragon,Vol,490,75,70,90,70,105,80,3,FAUX
334,Méga-Altaria,Dragon,Fée,590,75,110,110,110,105,80,3,FAUX
335,Mangriff,Normal,,458,73,115,60,60,60,90,3,FAUX
336,Séviper,Poison,,458,73,100,60,100,60,65,3,FAUX
337,Séléroc,Roche,Psy,440,70,55,65,95,85,70,3,FAUX
338,Solaroc,Roche,Psy,440,70,95,85,55,65,70,3,FAUX
339,Barloche,Eau,Sol,288,50,48,43,46,41,60,3,FAUX
340,Barbicha,Eau,Sol,468,110,78,73,76,71,60,3,FAUX
341,Écrapince,Eau,,308,43,80,65,50,35,35,3,FAUX
342,Colhomard,Eau,Ténèbres,468,63,120,85,90,55,55,3,FAUX
343,Balbuto,Sol,Psy,300,40,40,55,40,70,55,3,FAUX
344,Kaorine,Sol,Psy,500,60,70,105,70,120,75,3,FAUX
345,Lilia,Roche,Plante,355,66,41,77,61,87,23,3,FAUX
346,Vacilys,Roche,Plante,495,86,81,97,81,107,43,3,FAUX
347,Anorith,Roche,Insecte,355,45,95,50,40,50,75,3,FAUX
348,Armaldo,Roche,Insecte,495,75,125,100,70,80,45,3,FAUX
349,Barpau,Eau,,200,20,15,20,10,55,80,3,FAUX
350,Milobellus,Eau,,540,95,60,79,100,125,81,3,FAUX
351,Morphéo,Normal,,420,70,70,70,70,70,70,3,FAUX
352,Kecleon,Normal,,440,60,90,70,60,120,40,3,FAUX
353,Polichombr,Spectre,,295,44,75,35,63,33,45,3,FAUX
354,Branette,Spectre,,455,64,115,65,83,63,65,3,FAUX
354,Méga-Branette,Spectre,,555,64,165,75,93,83,75,3,FAUX
355,Skelénox,Spectre,,295,20,40,90,30,90,25,3,FAUX
356,Téraclope,Spectre,,455,40,70,130,60,130,25,3,FAUX
357,Tropius,Plante,Vol,460,99,68,83,72,87,51,3,FAUX
358,Éoko,Psy,,425,65,50,70,95,80,65,3,FAUX
359,Absol,Ténèbres,,465,65,130,60,75,60,75,3,FAUX
359,Méga-Absol,Ténèbres,,565,65,150,60,115,60,115,3,FAUX
360,Okéoké,Psy,,260,95,23,48,23,48,23,3,FAUX
361,Stalgamin,Glace,,300,50,50,50,50,50,50,3,FAUX
362,Oniglali,Glace,,480,80,80,80,80,80,80,3,FAUX
362,Méga-Oniglali,Glace,,580,80,120,80,120,80,100,3,FAUX
363,Obalie,Glace,Eau,290,70,40,50,55,50,25,3,FAUX
364,Phogleur,Glace,Eau,410,90,60,70,75,70,45,3,FAUX
365,Kaimorse,Glace,Eau,530,110,80,90,95,90,65,3,FAUX
366,Coquiperl,Eau,,345,35,64,85,74,55,32,3,FAUX
367,Serpang,Eau,,485,55,104,105,94,75,52,3,FAUX
368,Rosabyss,Eau,,485,55,84,105,114,75,52,3,FAUX
369,Relicanth,Eau,Roche,485,100,90,130,45,65,55,3,FAUX
370,Lovdisc,Eau,,330,43,30,55,40,65,97,3,FAUX
371,Draby,Dragon,,300,45,75,60,40,30,50,3,FAUX
372,Drackhaus,Dragon,,420,65,95,100,60,50,50,3,FAUX
373,Drattak,Dragon,Vol,600,95,135,80,110,80,100,3,FAUX
373,Méga-Drattak,Dragon,Vol,700,95,145,130,120,90,120,3,FAUX
374,Terhal,Acier,Psy,300,40,55,80,35,60,30,3,FAUX
375,Métang,Acier,Psy,420,60,75,100,55,80,50,3,FAUX
376,Métalosse,Acier,Psy,600,80,135,130,95,90,70,3,FAUX
376,Méga-Métalosse,Acier,Psy,700,80,145,150,105,110,110,3,FAUX
377,Regirock,Roche,,580,80,100,200,50,100,50,3,VRAI
378,Regice,Glace,,580,80,50,100,100,200,50,3,VRAI
379,Registeel,Acier,,580,80,75,150,75,150,50,3,VRAI
380,Latias,Dragon,Psy,600,80,80,90,110,130,110,3,VRAI
380,Méga-Latias,Dragon,Psy,700,80,100,120,140,150,110,3,VRAI
381,Latios,Dragon,Psy,600,80,90,80,130,110,110,3,VRAI
381,Méga-Latios,Dragon,Psy,700,80,130,100,160,120,110,3,VRAI
382,Kyogre,Eau,,670,100,100,90,150,140,90,3,VRAI
382,Primo-Kyogre,Eau,,770,100,150,90,180,160,90,3,VRAI
383,Groudon,Sol,,670,100,150,140,100,90,90,3,VRAI
383,Primo-Groudon,Sol,Feu,770,100,180,160,150,90,90,3,VRAI
384,Rayquaza,Dragon,Vol,680,105,150,90,150,90,95,3,VRAI
384,Méga-Rayquaza,Dragon,Vol,780,105,180,100,180,100,115,3,VRAI
385,Jirachi,Acier,Psy,600,100,100,100,100,100,100,3,VRAI
386,Deoxys,Psy,,600,50,150,50,150,50,150,3,VRAI
386,Deoxys (Forme Attaque),Psy,,600,50,180,20,180,20,150,3,VRAI
386,Deoxys (Forme Défense),Psy,,600,50,70,160,70,160,90,3,VRAI
386,Deoxys (Forme Vitesse),Psy,,600,50,95,90,95,90,180,3,VRAI
387,Tortipouss,Plante,,318,55,68,64,45,55,31,4,FAUX
388,Boskara,Plante,,405,75,89,85,55,65,36,4,FAUX
389,Torterra,Plante,Sol,525,95,109,105,75,85,56,4,FAUX
390,Ouisticram,Feu,,309,44,58,44,58,44,61,4,FAUX
391,Chimpenfeu,Feu,Combat,405,64,78,52,78,52,81,4,FAUX
392,Simiabraz,Feu,Combat,534,76,104,71,104,71,108,4,FAUX
393,Tiplouf,Eau,,314,53,51,53,61,56,40,4,FAUX
394,Prinplouf,Eau,,405,64,66,68,81,76,50,4,FAUX
395,Pingoléon,Eau,Acier,530,84,86,88,111,101,60,4,FAUX
396,Étourmi,Normal,Vol,245,40,55,30,30,30,60,4,FAUX
397,Étourvol,Normal,Vol,340,55,75,50,40,40,80,4,FAUX
398,Étouraptor,Normal,Vol,485,85,120,70,50,60,100,4,FAUX
399,Keunotor,Normal,,250,59,45,40,35,40,31,4,FAUX
400,Castorno,Normal,Eau,410,79,85,60,55,60,71,4,FAUX
401,Crikzik,Insecte,,194,37,25,41,25,41,25,4,FAUX
402,Mélokrik,Insecte,,384,77,85,51,55,51,65,4,FAUX
403,Lixy,Électrik,,263,45,65,34,40,34,45,4,FAUX
404,Luxio,Électrik,,363,60,85,49,60,49,60,4,FAUX
405,Luxray,Électrik,,523,80,120,79,95,79,70,4,FAUX
406,Rozbouton,Plante,Poison,280,40,30,35,50,70,55,4,FAUX
407,Roserade,Plante,Poison,515,60,70,65,125,105,90,4,FAUX
408,Kranidos,Roche,,350,67,125,40,30,30,58,4,FAUX
409,Charkos,Roche,,495,97,165,60,65,50,58,4,FAUX
410,Dinoclier,Roche,Acier,350,30,42,118,42,88,30,4,FAUX
411,Bastiodon,Roche,Acier,495,60,52,168,47,138,30,4,FAUX
412,Cheniti,Insecte,,224,40,29,45,29,45,36,4,FAUX
413,Cheniselle,Insecte,Plante,424,60,59,85,79,105,36,4,FAUX
413,Cheniselle (Cape Sable),Insecte,Sol,424,60,79,105,59,85,36,4,FAUX
413,Cheniselle (Cape Déchet),Insecte,Acier,424,60,69,95,69,95,36,4,FAUX
414,Papilord,Insecte,Vol,424,70,94,50,94,50,66,4,FAUX
415,Apitrini,Insecte,Vol,244,30,30,42,30,42,70,4,FAUX
416,Apireine,Insecte,Vol,474,70,80,102,80,102,40,4,FAUX
417,Pachirisu,Électrik,,405,60,45,70,45,90,95,4,FAUX
418,Mustébouée,Eau,,330,55,65,35,60,30,85,4,FAUX
419,Mustéflott,Eau,,495,85,105,55,85,50,115,4,FAUX
420,Ceribou,Plante,,275,45,35,45,62,53,35,4,FAUX
421,Ceriflor,Plante,,450,70,60,70,87,78,85,4,FAUX
422,Sancoki,Eau,,325,76,48,48,57,62,34,4,FAUX
423,Tritosor,Eau,Sol,475,111,83,68,92,82,39,4,FAUX
424,Capidextre,Normal,,482,75,100,66,60,66,115,4,FAUX
425,Baudrive,Spectre,Vol,348,90,50,34,60,44,70,4,FAUX
426,Grodrive,Spectre,Vol,498,150,80,44,90,54,80,4,FAUX
427,Laporeille,Normal,,350,55,66,44,44,56,85,4,FAUX
428,Lockpin,Normal,,480,65,76,84,54,96,105,4,FAUX
428,Méga-Lockpin,Normal,Combat,580,65,136,94,54,96,135,4,FAUX
429,Magirêve,Spectre,,495,60,60,60,105,105,105,4,FAUX
430,Corboss,Ténèbres,Vol,505,100,125,52,105,52,71,4,FAUX
431,Chaglam,Normal,,310,49,55,42,42,37,85,4,FAUX
432,Chaffreux,Normal,,452,71,82,64,64,59,112,4,FAUX
433,Korillon,Psy,,285,45,30,50,65,50,45,4,FAUX
434,Moufouette,Poison,Ténèbres,329,63,63,47,41,41,74,4,FAUX
435,Moufflair,Poison,Ténèbres,479,103,93,67,71,61,84,4,FAUX
436,Archéomire,Acier,Psy,300,57,24,86,24,86,23,4,FAUX
437,Archéodong,Acier,Psy,500,67,89,116,79,116,33,4,FAUX
438,Manzaï,Roche,,290,50,80,95,10,45,10,4,FAUX
439,Mime Jr.,Psy,Fée,310,20,25,45,70,90,60,4,FAUX
440,Ptiravi,Normal,,220,100,5,5,15,65,30,4,FAUX
441,Pijako,Normal,Vol,411,76,65,45,92,42,91,4,FAUX
442,Spiritomb,Spectre,Ténèbres,485,50,92,108,92,108,35,4,FAUX
443,Griknot,Dragon,Sol,300,58,70,45,40,45,42,4,FAUX
444,Carmache,Dragon,Sol,410,68,90,65,50,55,82,4,FAUX
445,Carchacrok,Dragon,Sol,600,108,130,95,80,85,102,4,FAUX
445,Méga-Carchacrok,Dragon,Sol,700,108,170,115,120,95,92,4,FAUX
446,Goinfrex,Normal,,390,135,85,40,40,85,5,4,FAUX
447,Riolu,Combat,,285,40,70,40,35,40,60,4,FAUX
448,Lucario,Combat,Acier,525,70,110,70,115,70,90,4,FAUX
448,Méga-Lucario,Combat,Acier,625,70,145,88,140,70,112,4,FAUX
449,Hippopotas,Sol,,330,68,72,78,38,42,32,4,FAUX
450,Hippodocus,Sol,,525,108,112,118,68,72,47,4,FAUX
451,Rapion,Poison,Insecte,330,40,50,90,30,55,65,4,FAUX
452,Drascore,Poison,Ténèbres,500,70,90,110,60,75,95,4,FAUX
453,Cradopaud,Poison,Combat,300,48,61,40,61,40,50,4,FAUX
454,Coatox,Poison,Combat,490,83,106,65,86,65,85,4,FAUX
455,Vortente,Plante,,454,74,100,72,90,72,46,4,FAUX
456,Écayon,Eau,,330,49,49,56,49,61,66,4,FAUX
457,Luminéon,Eau,,460,69,69,76,69,86,91,4,FAUX
458,Babimanta,Eau,Vol,345,45,20,50,60,120,50,4,FAUX
459,Blizzi,Plante,Glace,334,60,62,50,62,60,40,4,FAUX
460,Blizzaroi,Plante,Glace,494,90,92,75,92,85,60,4,FAUX
460,Méga-Blizzaroi,Plante,Glace,594,90,132,105,132,105,30,4,FAUX
461,Dimoret,Ténèbres,Glace,510,70,120,65,45,85,125,4,FAUX
462,Magnézone,Électrik,Acier,535,70,70,115,130,90,60,4,FAUX
463,Coudlangue,Normal,,515,110,85,95,80,95,50,4,FAUX
464,Rhinastoc,Sol,Roche,535,115,140,130,55,55,40,4,FAUX
465,Bouldeneu,Plante,,535,100,100,125,110,50,50,4,FAUX
466,Élekable,Électrik,,540,75,123,67,95,85,95,4,FAUX
467,Maganon,Feu,,540,75,95,67,125,95,83,4,FAUX
468,Togekiss,Fée,Vol,545,85,50,95,120,115,80,4,FAUX
469,Yanmega,Insecte,Vol,515,86,76,86,116,56,95,4,FAUX
470,Phyllali,Plante,,525,65,110,130,60,65,95,4,FAUX
471,Givrali,Glace,,525,65,60,110,130,95,65,4,FAUX
472,Scorvol,Sol,Vol,510,75,95,125,45,75,95,4,FAUX
473,Mammochon,Glace,Sol,530,110,130,80,70,60,80,4,FAUX
474,Porygon-Z,Normal,,535,85,80,70,135,75,90,4,FAUX
475,Gallame,Psy,Combat,518,68,125,65,65,115,80,4,FAUX
475,Méga-Gallame,Psy,Combat,618,68,165,95,65,115,110,4,FAUX
476,Tarinorme,Roche,Acier,525,60,55,145,75,150,40,4,FAUX
477,Noctunoir,Spectre,,525,45,100,135,65,135,45,4,FAUX
478,Momartik,Glace,Spectre,480,70,80,70,80,70,110,4,FAUX
479,Motisma,Électrik,Spectre,440,50,50,77,95,77,91,4,FAUX
479,Motisma (Chaleur),Électrik,Feu,520,50,65,107,105,107,86,4,FAUX
479,Motisma (Lavage),Électrik,Eau,520,50,65,107,105,107,86,4,FAUX
479,Motisma (Froid),Électrik,Glace,520,50,65,107,105,107,86,4,FAUX
479,Motisma (Hélice),Électrik,Vol,520,50,65,107,105,107,86,4,FAUX
479,Motisma (Tonte),Électrik,Plante,520,50,65,107,105,107,86,4,FAUX
480,Créhelf,Psy,,580,75,75,130,75,130,95,4,VRAI
481,Créfollet,Psy,,580,80,105,105,105,105,80,4,VRAI
482,Créfadet,Psy,,580,75,125,70,125,70,115,4,VRAI
483,Dialga,Acier,Dragon,680,100,120,120,150,100,90,4,VRAI
484,Palkia,Eau,Dragon,680,90,120,100,150,120,100,4,VRAI
485,Heatran,Feu,Acier,600,91,90,106,130,106,77,4,VRAI
486,Regigigas,Normal,,670,110,160,110,80,110,100,4,VRAI
487,Giratina,Spectre,Dragon,680,150,100,120,100,120,90,4,VRAI
487,Giratina (Forme Originelle),Spectre,Dragon,680,150,120,100,120,100,90,4,VRAI
488,Cresselia,Psy,,600,120,70,120,75,130,85,4,FAUX
489,Phione,Eau,,480,80,80,80,80,80,80,4,FAUX
490,Manaphy,Eau,,600,100,100,100,100,100,100,4,FAUX
491,Darkrai,Ténèbres,,600,70,90,90,135,90,125,4,VRAI
492,Shaymin,Plante,,600,100,100,100,100,100,100,4,VRAI
492,Shaymin (Forme Céleste),Plante,Vol,600,100,103,75,120,75,127,4,VRAI
493,Arceus,Normal,,720,120,120,120,120,120,120,4,VRAI
494,Victini,Psy,Feu,600,100,100,100,100,100,100,5,VRAI
495,Vipélierre,Plante,,308,45,45,55,45,55,63,5,FAUX
496,Lianaja,Plante,,413,60,60,75,60,75,83,5,FAUX
497,Majaspic,Plante,,528,75,75,95,75,95,113,5,FAUX
498,Gruikui,Feu,,308,65,63,45,45,45,45,5,FAUX
499,Grotichon,Feu,Combat,418,90,93,55,70,55,55,5,FAUX
500,Roitiflam,Feu,Combat,528,110,123,65,100,65,65,5,FAUX
501,Moustillon,Eau,,308,55,55,45,63,45,45,5,FAUX
502,Mateloutre,Eau,,413,75,75,60,83,60,60,5,FAUX
503,Clamiral,Eau,,528,95,100,85,108,70,70,5,FAUX
504,Ratentif,Normal,,255,45,55,39,35,39,42,5,FAUX
505,Miradar,Normal,,420,60,85,69,60,69,77,5,FAUX
506,Ponchiot,Normal,,275,45,60,45,25,45,55,5,FAUX
507,Ponchien,Normal,,370,65,80,65,35,65,60,5,FAUX
508,Mastouffe,Normal,,500,85,110,90,45,90,80,5,FAUX
509,Chacripan,Ténèbres,,281,41,50,37,50,37,66,5,FAUX
510,Léopardus,Ténèbres,,446,64,88,50,88,50,106,5,FAUX
511,Feuillajou,Plante,,316,50,53,48,53,48,64,5,FAUX
512,Feuiloutan,Plante,,498,75,98,63,98,63,101,5,FAUX
513,Flamajou,Feu,,316,50,53,48,53,48,64,5,FAUX
514,Flamoutan,Feu,,498,75,98,63,98,63,101,5,FAUX
515,Flotajou,Eau,,316,50,53,48,53,48,64,5,FAUX
516,Flotoutan,Eau,,498,75,98,63,98,63,101,5,FAUX
517,Munna,Psy,,292,76,25,45,67,55,24,5,FAUX
518,Mushana,Psy,,487,116,55,85,107,95,29,5,FAUX
519,Poichigeon,Normal,Vol,264,50,55,50,36,30,43,5,FAUX
520,Colombeau,Normal,Vol,358,62,77,62,50,42,65,5,FAUX
521,Déflaisan,Normal,Vol,488,80,115,80,65,55,93,5,FAUX
522,Zébibron,Électrik,,295,45,60,32,50,32,76,5,FAUX
523,Zéblitz,Électrik,,497,75,100,63,80,63,116,5,FAUX
524,Nodulithe,Roche,,280,55,75,85,25,25,15,5,FAUX
525,Géolithe,Roche,,390,70,105,105,50,40,20,5,FAUX
526,Gigalithe,Roche,,515,85,135,130,60,80,25,5,FAUX
527,Chovsourir,Psy,Vol,313,55,45,43,55,43,72,5,FAUX
528,Rhinolove,Psy,Vol,425,67,57,55,77,55,114,5,FAUX
529,Rototaupe,Sol,,328,60,85,40,30,45,68,5,FAUX
530,Minotaupe,Sol,Acier,508,110,135,60,50,65,88,5,FAUX
531,Nanméouïe,Normal,,445,103,60,86,60,86,50,5,FAUX
531,Méga-Nanméouïe,Normal,Fée,545,103,60,126,80,126,50,5,FAUX
532,Charpenti,Combat,,305,75,80,55,25,35,35,5,FAUX
533,Ouvrifier,Combat,,405,85,105,85,40,50,40,5,FAUX
534,Bétochef,Combat,,505,105,140,95,55,65,45,5,FAUX
535,Tritonde,Eau,,294,50,50,40,50,40,64,5,FAUX
536,Batracné,Eau,Sol,384,75,65,55,65,55,69,5,FAUX
537,Crapustule,Eau,Sol,509,105,95,75,85,75,74,5,FAUX
538,Judokrak,Combat,,465,120,100,85,30,85,45,5,FAUX
539,Karaclée,Combat,,465,75,125,75,30,75,85,5,FAUX
540,Larveyette,Insecte,Plante,310,45,53,70,40,60,42,5,FAUX
541,Couverdure,Insecte,Plante,380,55,63,90,50,80,42,5,FAUX
542,Manternel,Insecte,Plante,500,75,103,80,70,80,92,5,FAUX
543,Venipatte,Insecte,Poison,260,30,45,59,30,39,57,5,FAUX
544,Scobolide,Insecte,Poison,360,40,55,99,40,79,47,5,FAUX
545,Brutapode,Insecte,Poison,485,60,100,89,55,69,112,5,FAUX
546,Doudouvet,Plante,Fée,280,40,27,60,37,50,66,5,FAUX
547,Farfaduvet,Plante,Fée,480,60,67,85,77,75,116,5,FAUX
548,Chlorobule,Plante,,280,45,35,50,70,50,30,5,FAUX
549,Fragilady,Plante,,480,70,60,75,110,75,90,5,FAUX
550,Bargantua,Eau,,460,70,92,65,80,55,98,5,FAUX
551,Mascaïman,Sol,Ténèbres,292,50,72,35,35,35,65,5,FAUX
552,Escroco,Sol,Ténèbres,351,60,82,45,45,45,74,5,FAUX
553,Crocorible,Sol,Ténèbres,519,95,117,80,65,70,92,5,FAUX
554,Darumarond,Feu,,315,70,90,45,15,45,50,5,FAUX
555,Darumacho,Feu,,480,105,140,55,30,55,95,5,FAUX
555,Darumacho (Mode Transe),Feu,Psy,540,105,30,105,140,105,55,5,FAUX
556,Maracachi,Plante,,461,75,86,67,106,67,60,5,FAUX
557,Crabicoque,Insecte,Roche,325,50,65,85,35,35,55,5,FAUX
558,Crabaraque,Insecte,Roche,475,70,95,125,65,75,45,5,FAUX
559,Baggiguane,Ténèbres,Combat,348,50,75,70,35,70,48,5,FAUX
560,Baggaïd,Ténèbres,Combat,488,65,90,115,45,115,58,5,FAUX
561,Cryptéro,Psy,Vol,490,72,58,80,103,80,97,5,FAUX
562,Tutafeh,Spectre,,303,38,30,85,55,65,30,5,FAUX
563,Tutankafer,Spectre,,483,58,50,145,95,105,30,5,FAUX
564,Carapagos,Eau,Roche,355,54,78,103,53,45,22,5,FAUX
565,Mégapagos,Eau,Roche,495,74,108,133,83,65,32,5,FAUX
566,Arkéapti,Roche,Vol,401,55,112,45,74,45,70,5,FAUX
567,Aéroptéryx,Roche,Vol,567,75,140,65,112,65,110,5,FAUX
568,Miamiasme,Poison,,329,50,50,62,40,62,65,5,FAUX
569,Miasmax,Poison,,474,80,95,82,60,82,75,5,FAUX
570,Zorua,Ténèbres,,330,40,65,40,80,40,65,5,FAUX
571,Zoroark,Ténèbres,,510,60,105,60,120,60,105,5,FAUX
572,Chinchidou,Normal,,300,55,50,40,40,40,75,5,FAUX
573,Pashmilla,Normal,,470,75,95,60,65,60,115,5,FAUX
574,Scrutella,Psy,,290,45,30,50,55,65,45,5,FAUX
575,Mesmérella,Psy,,390,60,45,70,75,85,55,5,FAUX
576,Sidérella,Psy,,490,70,55,95,95,110,65,5,FAUX
577,Nucléos,Psy,,290,45,30,40,105,50,20,5,FAUX
578,Méios,Psy,,370,65,40,50,125,60,30,5,FAUX
579,Symbios,Psy,,490,110,65,75,125,85,30,5,FAUX
580,Couaneton,Eau,Vol,305,62,44,50,44,50,55,5,FAUX
581,Lakmécygne,Eau,Vol,473,75,87,63,87,63,98,5,FAUX
582,Sorbébé,Glace,,305,36,50,50,65,60,44,5,FAUX
583,Sorboul,Glace,,395,51,65,65,80,75,59,5,FAUX
584,Sorbouboul,Glace,,535,71,95,85,110,95,79,5,FAUX
585,Vivaldaim,Normal,Plante,335,60,60,50,40,50,75,5,FAUX
586,Haydaim,Normal,Plante,475,80,100,70,60,70,95,5,FAUX
587,Emolga,Électrik,Vol,428,55,75,60,75,60,103,5,FAUX
588,Carabing,Insecte,,315,50,75,45,40,45,60,5,FAUX
589,Lançargot,Insecte,Acier,495,70,135,105,60,105,20,5,FAUX
590,Trompignon,Plante,Poison,294,69,55,45,55,55,15,5,FAUX
591,Gaulet,Plante,Poison,464,114,85,70,85,80,30,5,FAUX
592,Viskuse,Eau,Spectre,335,55,40,50,65,85,40,5,FAUX
593,Moyade,Eau,Spectre,480,100,60,70,85,105,60,5,FAUX
594,Mamanbo,Eau,,470,165,75,80,40,45,65,5,FAUX
595,Statitik,Insecte,Électrik,319,50,47,50,57,50,65,5,FAUX
596,Mygavolt,Insecte,Électrik,472,70,77,60,97,60,108,5,FAUX
597,Grindur,Plante,Acier,305,44,50,91,24,86,10,5,FAUX
598,Noacier,Plante,Acier,489,74,94,131,54,116,20,5,FAUX
599,Tic,Acier,,300,40,55,70,45,60,30,5,FAUX
600,Clic,Acier,,440,60,80,95,70,85,50,5,FAUX
601,Cliticlic,Acier,,520,60,100,115,70,85,90,5,FAUX
602,Anchwatt,Électrik,,275,35,55,40,45,40,60,5,FAUX
603,Lampéroie,Électrik,,405,65,85,70,75,70,40,5,FAUX
604,Ohmassacre,Électrik,,515,85,115,80,105,80,50,5,FAUX
605,Lewsor,Psy,,335,55,55,55,85,55,30,5,FAUX
606,Neitram,Psy,,485,75,75,75,125,95,40,5,FAUX
607,Funécire,Spectre,Feu,275,50,30,55,65,55,20,5,FAUX
608,Mélancolux,Spectre,Feu,370,60,40,60,95,60,55,5,FAUX
609,Lugulabre,Spectre,Feu,520,60,55,90,145,90,80,5,FAUX
610,Coupenotte,Dragon,,320,46,87,60,30,40,57,5,FAUX
611,Incisache,Dragon,,410,66,117,70,40,50,67,5,FAUX
612,Tranchodon,Dragon,,540,76,147,90,60,70,97,5,FAUX
613,Polarhume,Glace,,305,55,70,40,60,40,40,5,FAUX
614,Polagriffe,Glace,,485,95,110,80,70,80,50,5,FAUX
615,Hexagel,Glace,,485,70,50,30,95,135,105,5,FAUX
616,Escargaume,Insecte,,305,50,40,85,40,65,25,5,FAUX
617,Limaspeed,Insecte,,495,80,70,40,100,60,145,5,FAUX
618,Limonde,Sol,Électrik,471,109,66,84,81,99,32,5,FAUX
619,Kungfouine,Combat,,350,45,85,50,55,50,65,5,FAUX
620,Shaofouine,Combat,,510,65,125,60,95,60,105,5,FAUX
621,Drakkarmin,Dragon,,485,77,120,90,60,90,48,5,FAUX
622,Gringolem,Sol,Spectre,303,59,74,50,35,50,35,5,FAUX
623,Golemastoc,Sol,Spectre,483,89,124,80,55,80,55,5,FAUX
624,Scalpion,Ténèbres,Acier,340,45,85,70,40,40,60,5,FAUX
625,Scalproie,Ténèbres,Acier,490,65,125,100,60,70,70,5,FAUX
626,Frison,Normal,,490,95,110,95,40,95,55,5,FAUX
627,Furaiglon,Normal,Vol,350,70,83,50,37,50,60,5,FAUX
628,Gueriaigle,Normal,Vol,510,100,123,75,57,75,80,5,FAUX
629,Vostourno,Ténèbres,Vol,370,70,55,75,45,65,60,5,FAUX
630,Vaututrice,Ténèbres,Vol,510,110,65,105,55,95,80,5,FAUX
631,Aflamanoir,Feu,,484,85,97,66,105,66,65,5,FAUX
632,Fermite,Insecte,Acier,484,58,109,112,48,48,109,5,FAUX
633,Solochi,Ténèbres,Dragon,300,52,65,50,45,50,38,5,FAUX
634,Diamat,Ténèbres,Dragon,420,72,85,70,65,70,58,5,FAUX
635,Trioxhydre,Ténèbres,Dragon,600,92,105,90,125,90,98,5,FAUX
636,Pyronille,Insecte,Feu,360,55,85,55,50,55,60,5,FAUX
637,Pyrax,Insecte,Feu,550,85,60,65,135,105,100,5,FAUX
638,Cobaltium,Acier,Combat,580,91,90,129,90,72,108,5,VRAI
639,Terrakium,Roche,Combat,580,91,129,90,72,90,108,5,VRAI
640,Viridium,Plante,Combat,580,91,90,72,90,129,108,5,VRAI
641,Boréas,Vol,,580,79,115,70,125,80,111,5,VRAI
641,Boréas (Forme Totémique),Vol,,580,79,100,80,110,90,121,5,VRAI
642,Fulguris,Électrik,Vol,580,79,115,70,125,80,111,5,VRAI
642,Fulguris (Forme Totémique),Électrik,Vol,580,79,105,70,145,80,101,5,VRAI
643,Reshiram,Dragon,Feu,680,100,120,100,150,120,90,5,VRAI
644,Zekrom,Dragon,Électrik,680,100,150,120,120,100,90,5,VRAI
645,Démétéros,Sol,Vol,600,89,125,90,115,80,101,5,VRAI
645,Démétéros (Forme Totémique),Sol,Vol,600,89,145,90,105,80,91,5,VRAI
646,Kyurem,Dragon,Glace,660,125,130,90,130,90,95,5,VRAI
646,Kyurem (Noir),Dragon,Glace,700,125,170,100,120,90,95,5,VRAI
646,Kyurem (Blanc),Dragon,Glace,700,125,120,90,170,100,95,5,VRAI
647,Keldeo,Eau,Combat,580,91,72,90,129,90,108,5,FAUX
647,Keldeo (Forme Décidée),Eau,Combat,580,91,72,90,129,90,108,5,FAUX
648,Meloetta,Normal,Psy,600,100,77,77,128,128,90,5,FAUX
648,Meloetta (Forme Danse),Normal,Combat,600,100,128,90,77,77,128,5,FAUX
649,Genesect,Insecte,Acier,600,71,120,95,120,95,99,5,FAUX
650,Marisson,Plante,,313,56,61,65,48,45,38,6,FAUX
651,Boguérisse,Plante,,405,61,78,95,56,58,57,6,FAUX
652,Blindépique,Plante,Combat,530,88,107,122,74,75,64,6,FAUX
653,Feunnec,Feu,,307,40,45,40,62,60,60,6,FAUX
654,Roussil,Feu,,409,59,59,58,90,70,73,6,FAUX
655,Goupelin,Feu,Psy,534,75,69,72,114,100,104,6,FAUX
656,Grenousse,Eau,,314,41,56,40,62,44,71,6,FAUX
657,Croâporal,Eau,,405,54,63,52,83,56,97,6,FAUX
658,Amphinobi,Eau,Ténèbres,530,72,95,67,103,71,122,6,FAUX
659,Sapereau,Normal,,237,38,36,38,32,36,57,6,FAUX
660,Excavarenne,Normal,Sol,423,85,56,77,50,77,78,6,FAUX
661,Passerouge,Normal,Vol,278,45,50,43,40,38,62,6,FAUX
662,Braisillon,Feu,Vol,382,62,73,55,56,52,84,6,FAUX
663,Flambusard,Feu,Vol,499,78,81,71,74,69,126,6,FAUX
664,Lépidonille,Insecte,,200,38,35,40,27,25,35,6,FAUX
665,Pérégrain,Insecte,,213,45,22,60,27,30,29,6,FAUX
666,Prismillon,Insecte,Vol,411,80,52,50,90,50,89,6,FAUX
667,Hélionceau,Feu,Normal,369,62,50,58,73,54,72,6,FAUX
668,Némélios,Feu,Normal,507,86,68,72,109,66,106,6,FAUX
669,Flabébé,Fée,,303,44,38,39,61,79,42,6,FAUX
670,Floette,Fée,,371,54,45,47,75,98,52,6,FAUX
671,Florges,Fée,,552,78,65,68,112,154,75,6,FAUX
672,Cabriolaine,Plante,,350,66,65,48,62,57,52,6,FAUX
673,Chevroum,Plante,,531,123,100,62,97,81,68,6,FAUX
674,Pandespiègle,Combat,,348,67,82,62,46,48,43,6,FAUX
675,Pandarbare,Combat,Ténèbres,495,95,124,78,69,71,58,6,FAUX
676,Couafarel,Normal,,472,75,80,60,65,90,102,6,FAUX
677,Psystigri,Psy,,355,62,48,54,63,60,68,6,FAUX
678,Mistigrix,Psy,,466,74,48,76,83,81,104,6,FAUX
678,Mistigrix (Femelle),Psy,,466,74,48,76,83,81,104,6,FAUX
679,Monorpale,Acier,Spectre,325,45,80,100,35,37,28,6,FAUX
680,Dimoclès,Acier,Spectre,448,59,110,150,45,49,35,6,FAUX
681,Exagide,Acier,Spectre,520,60,150,50,150,50,60,6,FAUX
681,Exagide (Forme Bouclier),Acier,Spectre,520,60,50,150,50,150,60,6,FAUX
682,Fluvetin,Fée,,341,78,52,60,63,65,23,6,FAUX
683,Cocotine,Fée,,462,101,72,72,99,89,29,6,FAUX
684,Sucroquin,Fée,,341,62,48,66,59,57,49,6,FAUX
685,Cupcanaille,Fée,,480,82,80,86,85,75,72,6,FAUX
686,Sepiatop,Ténèbres,Psy,288,53,54,53,37,46,45,6,FAUX
687,Sepiatroce,Ténèbres,Psy,482,86,92,88,68,75,73,6,FAUX
688,Opermine,Roche,Eau,306,42,52,67,39,56,50,6,FAUX
689,Golgopathe,Roche,Eau,500,72,105,115,54,86,68,6,FAUX
690,Venalgue,Poison,Eau,320,50,60,60,60,60,30,6,FAUX
691,Kravarech,Poison,Dragon,494,65,75,90,97,123,44,6,FAUX
692,Flingouste,Eau,,330,50,53,62,58,63,44,6,FAUX
693,Gamblast,Eau,,500,71,73,88,120,89,59,6,FAUX
694,Galvaran,Électrik,Normal,289,44,38,33,61,43,70,6,FAUX
695,Iguolta,Électrik,Normal,481,62,55,52,109,94,109,6,FAUX
696,Ptyranidur,Roche,Dragon,362,58,89,77,45,45,48,6,FAUX
697,Rexillius,Roche,Dragon,521,82,121,119,69,59,71,6,FAUX
698,Amagara,Roche,Glace,362,77,59,50,67,63,46,6,FAUX
699,Dragmara,Roche,Glace,521,123,77,72,99,92,58,6,FAUX
700,Nymphali,Fée,,525,95,65,65,110,130,60,6,FAUX
701,Brutalibré,Combat,Vol,500,78,92,75,74,63,118,6,FAUX
702,Dedenne,Électrik,Fée,431,67,58,57,81,67,101,6,FAUX
703,Strassie,Roche,Fée,500,50,50,150,50,150,50,6,FAUX
704,Mucuscule,Dragon,,300,45,50,35,55,75,40,6,FAUX
705,Colimucus,Dragon,,452,68,75,53,83,113,60,6,FAUX
706,Muplodocus,Dragon,,600,90,100,70,110,150,80,6,FAUX
707,Trousselin,Acier,Fée,470,57,80,91,80,87,75,6,FAUX
708,Brocélôme,Spectre,Plante,309,43,70,48,50,60,38,6,FAUX
709,Desséliande,Spectre,Plante,474,85,110,76,65,82,56,6,FAUX
710,Pitrouille,Spectre,Plante,335,49,66,70,44,55,51,6,FAUX
710,Pitrouille (Taille Mini),Spectre,Plante,335,44,66,70,44,55,56,6,FAUX
710,Pitrouille (Taille Maxi),Spectre,Plante,335,54,66,70,44,55,46,6,FAUX
710,Pitrouille (Taille Ultra),Spectre,Plante,335,59,66,70,44,55,41,6,FAUX
711,Banshitrouye,Spectre,Plante,494,65,90,122,58,75,84,6,FAUX
711,Banshitrouye (Taille Mini),Spectre,Plante,494,55,85,122,58,75,99,6,FAUX
711,Banshitrouye (Taille Maxi),Spectre,Plante,494,75,95,122,58,75,69,6,FAUX
711,Banshitrouye (Taille Ultra),Spectre,Plante,494,85,100,122,58,75,54,6,FAUX
712,Grelaçon,Glace,,304,55,69,85,32,35,28,6,FAUX
713,Séracrawl,Glace,,514,95,117,184,44,46,28,6,FAUX
714,Sonistrelle,Vol,Dragon,245,40,30,35,45,40,55,6,FAUX
715,Bruyverne,Vol,Dragon,535,85,70,80,97,80,123,6,FAUX
716,Xerneas,Fée,,680,126,131,95,131,98,99,6,VRAI
717,Yveltal,Ténèbres,Vol,680,126,131,95,131,98,99,6,VRAI
718,Zygarde,Dragon,Sol,600,108,100,121,81,95,95,6,VRAI
719,Diancie,Roche,Fée,600,50,100,150,100,150,50,6,VRAI
719,Méga-Diancie,Roche,Fée,700,50,160,110,160,110,110,6,VRAI
720,Hoopa,Psy,Spectre,600,80,110,60,150,130,70,6,VRAI
720,Hoopa (Déchaîné),Psy,Ténèbres,680,80,160,60,170,130,80,6,VRAI
721,Volcanion,Feu,Eau,600,80,110,120,130,90,70,6,VRAI
722,Brindibou,Plante,Vol,320,68,55,55,50,50,42,7,FAUX
723,Efflèche,Plante,Vol,420,78,75,75,70,70,52,7,FAUX
724,Archéduc,Plante,Spectre,530,78,107,75,100,100,70,7,FAUX
725,Flamiaou,Feu,,320,45,65,40,60,40,70,7,FAUX
726,Matoufeu,Feu,,420,65,85,50,80,50,90,7,FAUX
727,Félinferno,Feu,Ténèbres,530,95,115,90,80,90,60,7,FAUX
728,Otaquin,Eau,,320,50,54,54,66,56,40,7,FAUX
729,Otarlette,Eau,,420,60,69,69,91,81,50,7,FAUX
730,Oratoria,Eau,Fée,530,80,74,74,126,116,60,7,FAUX
731,Picassaut,Normal,Vol,265,35,75,30,30,30,65,7,FAUX
732,Piclairon,Normal,Vol,355,55,85,50,40,50,75,7,FAUX
733,Bazoucan,Normal,Vol,485,80,120,75,75,75,60,7,FAUX
734,Manglouton,Normal,,253,48,70,30,30,30,45,7,FAUX
735,Argouste,Normal,,418,88,110,60,55,60,45,7,FAUX
736,Larvibule,Insecte,,300,47,62,45,55,45,46,7,FAUX
737,Chrysapile,Insecte,Électrik,400,57,82,95,55,75,36,7,FAUX
738,Lucanon,Insecte,Électrik,500,77,70,90,145,75,43,7,FAUX
739,Crabagarre,Combat,,338,47,82,57,42,47,63,7,FAUX
740,Crabominable,Combat,Glace,478,97,132,77,62,67,43,7,FAUX
741,Plumeline,Feu,Vol,476,75,70,70,98,70,93,7,FAUX
742,Bombydou,Insecte,Fée,304,40,45,40,55,40,84,7,FAUX
743,Rubombelle,Insecte,Fée,464,60,55,60,95,70,124,7,FAUX
744,Rocabot,Roche,,280,45,65,40,30,40,60,7,FAUX
745,Lougaroc,Roche,,487,75,115,65,55,65,112,7,FAUX
746,Froussardine,Eau,,175,45,20,20,25,25,40,7,FAUX
747,Vorastérie,Poison,Eau,305,50,53,62,43,52,45,7,FAUX
748,Prédastérie,Poison,Eau,495,50,63,152,53,142,35,7,FAUX
749,Tiboudet,Sol,,385,70,100,70,45,55,45,7,FAUX
750,Bourrinos,Sol,,500,100,125,100,55,85,35,7,FAUX
751,Araqua,Eau,Insecte,269,38,40,52,40,72,27,7,FAUX
752,Tarenbulle,Eau,Insecte,454,68,70,92,50,132,42,7,FAUX
753,Mimantis,Plante,,250,40,55,35,50,35,35,7,FAUX
754,Floramantis,Plante,,480,70,105,90,80,90,45,7,FAUX
755,Spododo,Plante,Fée,285,40,35,55,65,75,15,7,FAUX
756,Lampignon,Plante,Fée,405,60,45,80,90,100,30,7,FAUX
757,Tritox,Poison,Feu,320,48,44,40,71,40,77,7,FAUX
758,Malamandre,Poison,Feu,480,68,64,60,111,60,117,7,FAUX
759,Nounourson,Normal,Combat,340,70,75,50,45,50,50,7,FAUX
760,Chelours,Normal,Combat,500,120,125,80,55,60,60,7,FAUX
761,Croquine,Plante,,210,42,30,38,30,38,32,7,FAUX
762,Candine,Plante,,290,52,40,48,40,48,62,7,FAUX
763,Sucreine,Plante,,510,72,120,98,50,98,72,7,FAUX
764,Guérilande,Fée,,485,51,52,90,82,110,100,7,FAUX
765,Gouroutan,Normal,Psy,490,90,60,80,90,110,60,7,FAUX
766,Quartermac,Combat,,490,100,120,90,40,60,80,7,FAUX
767,Sovkipou,Insecte,Eau,230,25,35,40,20,30,80,7,FAUX
768,Sarmuraï,Insecte,Eau,530,75,125,140,60,90,40,7,FAUX
769,Bacabouh,Spectre,Sol,320,55,55,80,70,45,15,7,FAUX
770,Trépassable,Spectre,Sol,480,85,75,110,100,75,35,7,FAUX
771,Concombaffe,Eau,,410,55,60,130,30,130,5,7,FAUX
772,Type:0,Normal,,534,95,95,95,95,95,59,7,VRAI
773,Silvallié,Normal,,570,95,95,95,95,95,95,7,VRAI
774,Météno,Roche,Vol,440,60,60,100,60,100,60,7,FAUX
775,Dodoala,Normal,,480,65,115,65,75,95,65,7,FAUX
776,Boumata,Feu,Dragon,485,60,78,135,91,85,36,7,FAUX
777,Togedemaru,Électrik,Acier,435,65,98,63,40,73,96,7,FAUX
778,Mimiqui,Spectre,Fée,476,55,90,80,50,105,96,7,FAUX
779,Denticrisse,Eau,Psy,475,68,105,70,70,70,92,7,FAUX
780,Draïeul,Normal,Dragon,485,78,60,85,135,91,36,7,FAUX
781,Sinistrail,Spectre,Plante,517,70,131,100,86,90,40,7,FAUX
782,Bébécaille,Dragon,,300,45,55,65,45,45,45,7,FAUX
783,Écaïd,Dragon,Combat,420,55,75,90,65,70,65,7,FAUX
784,Ékaïser,Dragon,Combat,600,75,110,125,100,105,85,7,FAUX
785,Tokorico,Électrik,Fée,570,70,115,85,95,75,130,7,VRAI
786,Tokopiyon,Psy,Fée,570,70,85,75,130,115,95,7,VRAI
787,Tokotoro,Plante,Fée,570,70,130,115,85,95,75,7,VRAI
788,Tokopisco,Eau,Fée,570,70,75,115,95,130,85,7,VRAI
789,Cosmog,Psy,,200,43,29,31,29,31,37,7,VRAI
790,Cosmovum,Psy,,400,43,29,131,29,131,37,7,VRAI
791,Solgaleo,Psy,Acier,680,137,137,107,113,89,97,7,VRAI
792,Lunala,Psy,Spectre,680,137,113,89,137,107,97,7,VRAI
793,Zéroïd,Roche,Poison,570,109,53,47,127,131,103,7,FAUX
794,Mouscoto,Insecte,Combat,570,107,139,139,53,53,79,7,FAUX
795,Cancrelove,Insecte,Combat,570,71,137,37,137,37,151,7,FAUX
796,Câblifère,Électrik,,570,83,89,71,173,71,83,7,FAUX
797,Bamboiselle,Acier,Vol,570,97,101,103,107,101,61,7,FAUX
798,Katagami,Plante,Acier,570,59,181,131,59,31,109,7,FAUX
799,Engloutyran,Ténèbres,Dragon,570,223,101,53,97,53,43,7,FAUX
800,Necrozma,Psy,,600,97,107,101,127,89,79,7,VRAI
801,Magearna,Acier,Fée,600,80,95,115,130,115,65,7,FAUX
802,Marshadow,Combat,Spectre,600,90,125,80,90,90,125,7,FAUX
803,Vémini,Poison,,420,67,73,67,73,67,73,7,FAUX
804,Mandrillon,Poison,Dragon,540,73,73,73,127,73,121,7,FAUX
805,Ama-Ama,Roche,Acier,570,61,131,211,53,101,13,7,FAUX
806,Pierroteknik,Feu,Spectre,570,53,127,53,151,79,107,7,FAUX
807,Zeraora,Électrik,,600,88,112,75,102,80,143,7,FAUX
808,Meltan,Acier,,300,46,65,65,55,35,34,7,FAUX
809,Melmetal,Acier,,600,135,143,143,80,65,34,7,FAUX
810,Ouistempo,Plante,,310,50,65,50,40,40,65,8,FAUX
811,Badabouin,Plante,,420,70,85,70,55,60,80,8,FAUX
812,Gorythmic,Plante,,530,100,125,90,60,70,85,8,FAUX
813,Flambino,Feu,,310,50,71,40,40,40,69,8,FAUX
814,Lapyro,Feu,,420,65,86,60,55,60,94,8,FAUX
815,Pyrobut,Feu,,530,80,116,75,65,75,119,8,FAUX
816,Larméléon,Eau,,310,50,40,40,70,40,70,8,FAUX
817,Arrozard,Eau,,420,65,60,55,95,55,90,8,FAUX
818,Lézargus,Eau,,530,70,85,65,125,65,120,8,FAUX
819,Rongourmand,Normal,,275,70,55,55,35,35,25,8,FAUX
820,Rongrigou,Normal,,460,120,95,95,55,75,20,8,FAUX
821,Minisange,Vol,,245,38,47,35,33,35,57,8,FAUX
822,Bleuseille,Vol,,365,68,67,55,43,55,77,8,FAUX
823,Corvaillus,Vol,Acier,495,98,87,105,53,85,67,8,FAUX
824,Larvadar,Insecte,,180,25,20,20,25,45,45,8,FAUX
825,Coléodôme,Insecte,Psy,335,50,35,80,50,90,30,8,FAUX
826,Astronelle,Insecte,Psy,505,60,45,110,80,120,90,8,FAUX
827,Goupilou,Ténèbres,,245,40,28,28,47,52,50,8,FAUX
828,Roublenard,Ténèbres,,455,70,58,58,87,92,90,8,FAUX
829,Tournicoton,Plante,,250,40,40,60,40,60,10,8,FAUX
830,Blancoton,Plante,,460,60,50,90,80,120,60,8,FAUX
831,Moumouton,Normal,,270,42,40,55,40,45,48,8,FAUX
832,Moumouflon,Normal,,490,72,80,100,60,90,88,8,FAUX
833,Khélocrok,Eau,,284,50,64,50,38,38,44,8,FAUX
834,Torgamord,Eau,Roche,485,90,115,90,48,68,74,8,FAUX
835,Voltoutou,Électrik,,270,59,45,50,40,50,26,8,FAUX
836,Fulgudog,Électrik,,490,69,90,60,90,60,121,8,FAUX
837,Charbi,Roche,,240,30,40,50,40,50,30,8,FAUX
838,Wagomine,Roche,Feu,410,80,60,90,60,70,50,8,FAUX
839,Monthracite,Roche,Feu,510,110,80,120,80,90,30,8,FAUX
840,Verpom,Plante,Dragon,260,40,40,80,40,40,20,8,FAUX
841,Pomdrapi,Plante,Dragon,485,70,110,80,95,60,70,8,FAUX
842,Dratatin,Plante,Dragon,485,110,85,80,100,80,30,8,FAUX
843,Dunaja,Sol,,315,52,57,75,35,50,46,8,FAUX
844,Dunaconda,Sol,,510,72,107,125,65,70,71,8,FAUX
845,Nigosier,Vol,Eau,475,70,85,55,85,95,85,8,FAUX
846,Embrochet,Eau,,280,41,63,40,40,30,66,8,FAUX
847,Hastacuda,Eau,,490,61,123,60,60,50,136,8,FAUX
848,Toxizap,Électrik,Poison,242,40,38,35,54,35,40,8,FAUX
849,Salarsen,Électrik,Poison,502,75,98,70,114,70,75,8,FAUX
850,Grillepattes,Feu,Insecte,305,50,65,45,50,50,45,8,FAUX
851,Scolocendre,Feu,Insecte,525,100,115,65,90,90,65,8,FAUX
852,Poulpaf,Combat,,310,50,68,60,50,50,32,8,FAUX
853,Krakos,Combat,,480,80,118,90,70,80,42,8,FAUX
854,Théffroi,Spectre,,308,40,45,45,74,54,50,8,FAUX
855,Polthégeist,Spectre,,508,60,65,65,134,114,70,8,FAUX
856,Bibichut,Psy,,265,42,30,45,56,53,39,8,FAUX
857,Chapotus,Psy,,370,57,40,65,86,73,49,8,FAUX
858,Sorcilence,Psy,Fée,510,57,90,95,136,103,29,8,FAUX
859,Grimalin,Ténèbres,Fée,265,45,45,30,55,40,50,8,FAUX
860,Fourbelin,Ténèbres,Fée,370,65,60,45,75,55,70,8,FAUX
861,Angoliath,Ténèbres,Fée,510,95,120,65,95,75,60,8,FAUX
862,Ixon,Ténèbres,Normal,520,93,90,101,60,81,95,8,FAUX
863,Berserkatt,Acier,,440,70,110,100,50,60,50,8,FAUX
864,Corayôme,Spectre,,510,60,95,50,145,130,30,8,FAUX
865,Palarticho,Combat,,507,62,135,95,68,82,65,8,FAUX
866,M. Glaquette,Glace,Psy,520,80,85,75,110,100,70,8,FAUX
867,Tutétékri,Sol,Spectre,483,58,95,145,50,105,30,8,FAUX
868,Crèmy,Fée,,270,45,40,40,50,61,34,8,FAUX
869,Charmilly,Fée,,495,65,60,75,110,121,64,8,FAUX
870,Hexadron,Combat,,470,65,100,100,70,60,75,8,FAUX
871,Wattapik,Électrik,,435,48,101,95,91,85,15,8,FAUX
872,Frissonille,Glace,Insecte,185,30,25,35,45,30,20,8,FAUX
873,Beldeneige,Glace,Insecte,475,70,65,60,125,90,65,8,FAUX
874,Dolman,Roche,,470,100,125,135,20,20,70,8,FAUX
875,Bekaglaçon,Glace,,470,75,80,110,65,90,50,8,FAUX
876,Wimessir,Psy,Normal,475,60,65,55,105,95,95,8,FAUX
877,Morpeko,Électrik,Ténèbres,436,58,95,58,70,58,97,8,FAUX
878,Charibari,Acier,,330,72,80,49,40,49,40,8,FAUX
879,Pachyradjah,Acier,,500,122,130,69,80,69,30,8,FAUX
880,Galvagon,Électrik,Dragon,505,90,100,90,80,70,75,8,FAUX
881,Galvagla,Électrik,Glace,505,90,100,90,90,80,55,8,FAUX
882,Hydragon,Eau,Dragon,505,90,90,100,70,80,75,8,FAUX
883,Hydragla,Eau,Glace,505,90,90,100,80,90,55,8,FAUX
884,Duralugon,Acier,Dragon,535,70,95,115,120,50,85,8,FAUX
885,Fantyrm,Dragon,Spectre,270,28,60,30,40,30,82,8,FAUX
886,Dispareptil,Dragon,Spectre,410,68,80,50,60,50,102,8,FAUX
887,Lanssorien,Dragon,Spectre,600,88,120,75,100,75,142,8,FAUX
888,Zacian,Fée,,660,92,120,115,80,115,138,8,VRAI
889,Zamazenta,Combat,,660,92,120,115,80,115,138,8,VRAI
890,Éthernatos,Poison,Dragon,690,140,85,95,145,95,130,8,VRAI
891,Wushours,Combat,,385,60,90,60,53,50,72,8,VRAI
892,Shifours,Combat,Ténèbres,550,100,130,100,63,60,97,8,VRAI
893,Zarude,Ténèbres,Plante,600,105,120,105,70,95,105,8,FAUX
894,Regieleki,Électrik,,580,80,100,50,100,50,200,8,VRAI
895,Regidrago,Dragon,,580,200,100,50,100,50,80,8,VRAI
896,Blizzeval,Glace,,580,100,145,130,65,110,30,8,VRAI
897,Spectreval,Spectre,,580,100,65,60,145,80,130,8,VRAI
898,Sylveroy,Psy,Plante,500,100,80,80,80,80,80,8,VRAI
899,Cerbyllin,Normal,Psy,525,103,105,72,105,75,65,8,FAUX
900,Hachécateur,Insecte,Roche,500,70,135,95,45,70,85,8,FAUX
901,Ursaking,Sol,Normal,550,130,140,105,45,80,50,8,FAUX
902,Paragruel,Eau,Spectre,530,120,112,65,80,75,78,8,FAUX
903,Farfurex,Combat,Poison,510,80,130,60,40,80,120,8,FAUX
904,Qwilpik,Ténèbres,Poison,510,85,115,95,65,65,85,8,FAUX
905,Amovénus,Fée,Vol,580,74,115,70,135,80,106,8,VRAI
906,Poussacha,Plante,,310,40,61,54,45,45,65,9,FAUX
907,Matourgeon,Plante,,410,61,80,63,60,63,83,9,FAUX
908,Miascarade,Plante,Ténèbres,530,76,110,70,81,70,123,9,FAUX
909,Chochodile,Feu,,310,67,45,59,63,40,36,9,FAUX
910,Crocogril,Feu,,411,81,55,78,90,58,49,9,FAUX
911,Flâmigator,Feu,Spectre,530,104,75,100,110,75,66,9,FAUX
912,Coiffeton,Eau,,310,55,65,45,50,45,50,9,FAUX
913,Canarbello,Eau,,410,70,85,65,65,60,65,9,FAUX
914,Palmaval,Eau,Combat,530,85,120,80,85,75,85,9,FAUX
915,Gourmelet,Normal,,254,54,45,40,35,45,35,9,FAUX
916,Fragroin,Normal,,489,110,100,75,59,80,65,9,FAUX
917,Tissenboule,Insecte,,210,35,41,45,29,40,20,9,FAUX
918,Filentrappe,Insecte,,404,60,79,92,52,86,35,9,FAUX
919,Lilliterelle,Insecte,,210,33,46,40,21,25,45,9,FAUX
920,Gambex,Insecte,Ténèbres,450,71,102,78,52,55,92,9,FAUX
921,Pohm,Électrik,,240,45,50,20,40,25,60,9,FAUX
922,Pohmotte,Électrik,Combat,350,60,75,40,50,40,85,9,FAUX
923,Pohmarmotte,Électrik,Combat,490,70,115,70,70,60,105,9,FAUX
924,Compagnol,Normal,,305,50,50,45,40,45,75,9,FAUX
925,Famignol,Normal,,470,74,75,70,65,75,111,9,FAUX
926,Pâtachiot,Fée,,312,37,55,70,30,55,65,9,FAUX
927,Briochien,Fée,,477,57,80,115,50,80,95,9,FAUX
928,Olivini,Plante,Normal,260,41,35,45,58,51,30,9,FAUX
929,Olivado,Plante,Normal,354,52,53,60,78,78,33,9,FAUX
930,Arboliva,Plante,Normal,510,78,69,90,125,109,39,9,FAUX
931,Tapatoès,Normal,Vol,417,82,96,51,45,51,92,9,FAUX
932,Selutin,Roche,,280,55,55,75,35,35,25,9,FAUX
933,Amassel,Roche,,355,60,60,100,35,65,35,9,FAUX
934,Gigansel,Roche,,500,100,100,130,45,90,35,9,FAUX
935,Charbambin,Feu,,255,40,50,40,50,40,35,9,FAUX
936,Carmadura,Feu,Psy,525,85,60,100,125,80,75,9,FAUX
937,Malvalame,Feu,Spectre,525,75,125,80,60,100,85,9,FAUX
938,Têtampoule,Électrik,,272,61,31,41,59,35,45,9,FAUX
939,Ampibidou,Électrik,,495,109,64,91,103,83,45,9,FAUX
940,Zapétrel,Électrik,Vol,280,40,40,35,55,40,70,9,FAUX
941,Fulgulairo,Électrik,Vol,490,70,70,60,105,60,125,9,FAUX
942,Grondogue,Ténèbres,,340,60,78,60,40,51,51,9,FAUX
943,Dogrino,Ténèbres,,505,80,120,90,60,70,85,9,FAUX
944,Gribouraigne,Poison,Normal,290,40,65,35,40,35,75,9,FAUX
945,Tag-Tag,Poison,Normal,485,63,95,65,80,72,110,9,FAUX
946,Virovent,Plante,Spectre,275,40,65,30,45,35,60,9,FAUX
947,Virevorreur,Plante,Spectre,480,55,115,70,80,70,90,9,FAUX
948,Terracool,Sol,Plante,335,40,40,35,50,100,70,9,FAUX
949,Terracruel,Sol,Plante,515,80,70,65,80,120,100,9,FAUX
950,Craparoi,Roche,,450,70,100,115,35,55,75,9,FAUX
951,Pimito,Plante,,304,50,62,40,62,40,50,9,FAUX
952,Scovilain,Plante,Feu,486,65,108,65,108,65,75,9,FAUX
953,Léboulérou,Insecte,,270,41,50,60,31,58,30,9,FAUX
954,Bérasca,Insecte,Psy,470,75,50,85,115,100,45,9,FAUX
955,Flotillon,Psy,,255,30,35,30,55,30,75,9,FAUX
956,Cléopsytra,Psy,,481,95,60,60,101,60,105,9,FAUX
957,Forgerette,Fée,Acier,297,50,45,45,35,64,58,9,FAUX
958,Forgella,Fée,Acier,380,65,55,55,45,82,78,9,FAUX
959,Forgelina,Fée,Acier,506,85,75,77,70,105,94,9,FAUX
960,Taupikeau,Eau,,245,10,55,25,35,25,95,9,FAUX
961,Triopikeau,Eau,,425,35,100,50,50,70,120,9,FAUX
962,Lestombaile,Vol,Ténèbres,485,70,103,85,60,85,82,9,FAUX
963,Dofin,Eau,,315,70,45,40,45,40,75,9,FAUX
964,Superdofin,Eau,,457,100,70,72,53,62,100,9,FAUX
965,Vrombi,Acier,Poison,300,45,70,63,30,45,47,9,FAUX
966,Vrombotor,Acier,Poison,500,80,119,90,54,67,90,9,FAUX
967,Motorizard,Dragon,Normal,501,70,95,65,85,65,121,9,FAUX
968,Ferdeter,Acier,,480,70,85,145,60,55,65,9,FAUX
969,Germéclat,Roche,Poison,350,48,35,42,105,60,60,9,FAUX
970,Floréclat,Roche,Poison,525,83,55,90,130,81,86,9,FAUX
971,Toutombe,Spectre,,290,50,61,60,30,55,34,9,FAUX
972,Tomberro,Spectre,,488,72,101,100,50,97,68,9,FAUX
973,Flamenroule,Vol,Combat,500,82,115,74,75,64,90,9,FAUX
974,Piétacé,Glace,,334,108,68,45,30,40,43,9,FAUX
975,Balbalèze,Glace,,521,170,113,65,45,55,73,9,FAUX
976,Délestin,Eau,Psy,478,90,102,73,78,65,70,9,FAUX
977,Oyacata,Eau,,530,150,100,115,65,65,35,9,FAUX
978,Nigirigon,Dragon,Eau,475,68,50,60,120,95,82,9,FAUX
979,Courrousinge,Combat,Spectre,535,110,115,80,50,90,90,9,FAUX
980,Terraiste,Poison,Sol,430,130,75,60,45,100,20,9,FAUX
981,Farigiraf,Normal,Psy,520,120,90,70,110,70,60,9,FAUX
982,Deusolourdo,Normal,,520,125,100,80,85,75,55,9,FAUX
983,Scalpereur,Ténèbres,Acier,550,100,135,120,60,85,50,9,FAUX
984,Fort-Ivoire,Sol,Combat,570,115,131,131,53,53,87,9,FAUX
985,Hurle-Queue,Fée,Psy,570,115,65,99,65,115,111,9,FAUX
986,Fongus-Furie,Plante,Ténèbres,570,111,127,99,79,99,55,9,FAUX
987,Flotte-Mèche,Spectre,Fée,570,55,55,55,135,135,135,9,FAUX
988,Rampe-Ailes,Insecte,Combat,570,85,135,79,85,105,81,9,FAUX
989,Pelage-Sablé,Électrik,Sol,570,85,81,97,121,85,101,9,FAUX
990,Roue-de-Fer,Sol,Acier,570,90,112,120,72,70,106,9,FAUX
991,Hotte-de-Fer,Glace,Eau,570,56,80,114,124,60,136,9,FAUX
992,Paume-de-Fer,Combat,Électrik,570,154,140,108,50,68,50,9,FAUX
993,Têtes-de-Fer,Ténèbres,Vol,570,94,80,86,122,80,108,9,FAUX
994,Mite-de-Fer,Feu,Poison,570,80,70,60,140,110,110,9,FAUX
995,Épine-de-Fer,Roche,Électrik,570,100,134,110,70,84,72,9,FAUX
996,Frigodo,Dragon,Glace,320,65,75,45,35,45,55,9,FAUX
997,Cryodo,Dragon,Glace,423,90,95,66,45,65,62,9,FAUX
998,Glaivodo,Dragon,Glace,600,115,145,92,75,86,87,9,FAUX
999,Mordudor,Spectre,,300,45,30,70,75,70,10,9,FAUX
1000,Gromago,Acier,Spectre,550,87,60,95,133,91,84,9,FAUX
1001,Chongjian,Ténèbres,Plante,570,85,85,100,95,135,70,9,VRAI
1002,Baojian,Ténèbres,Glace,570,80,120,80,90,65,135,9,VRAI
1003,Dinglu,Ténèbres,Sol,570,155,110,125,55,80,45,9,VRAI
1004,Yuyu,Ténèbres,Feu,570,55,80,80,135,120,100,9,VRAI
1005,Rugit-Lune,Dragon,Ténèbres,590,105,139,71,55,101,119,9,FAUX
1006,Garde-de-Fer,Fée,Combat,590,74,130,90,120,60,116,9,FAUX
1007,Koraidon,Combat,Dragon,670,100,135,115,85,100,135,9,VRAI
1008,Miraidon,Électrik,Dragon,670,100,85,100,135,115,135,9,VRAI
1009,Serpente-Eau,Eau,Dragon,590,99,83,91,125,83,109,9,FAUX
1010,Vert-de-Fer,Plante,Psy,590,90,130,88,70,108,104,9,FAUX
1011,Pomdramour,Plante,Dragon,485,80,80,110,95,80,40,9,FAUX
1012,Poltchageist,Plante,Spectre,308,40,45,45,74,54,50,9,FAUX
1013,Théffroyable,Plante,Spectre,508,71,60,106,121,80,70,9,FAUX
1014,Félicanis,Poison,Combat,555,88,128,115,58,86,80,9,VRAI
1015,Fortusimia,Poison,Psy,555,88,75,66,130,90,106,9,VRAI
1016,Favianos,Poison,Fée,555,88,91,82,70,125,99,9,VRAI
1017,Ogerpon,Plante,,550,80,120,84,60,96,110,9,VRAI
1018,Pondralugon,Acier,Dragon,600,90,105,130,125,65,85,9,FAUX
1019,Pomdorochi,Plante,Dragon,540,106,80,110,120,80,44,9,FAUX
1020,Feu-Perçant,Feu,Dragon,590,105,115,121,65,93,91,9,FAUX
1021,Ire-Foudre,Électrik,Dragon,590,125,73,91,137,89,75,9,FAUX
1022,Roc-de-Fer,Roche,Psy,590,90,120,80,68,108,124,9,FAUX
1023,Chef-de-Fer,Acier,Psy,590,90,72,100,122,108,98,9,FAUX
1024,Terapagos,Normal,,450,90,65,85,65,85,60,9,VRAI
1025,Pêchaminus,Poison,Spectre,600,88,88,160,88,88,88,9,FAUX