ATT \ DEF,Normal,Feu,Eau,Électrik,Plante,Glace,Combat,Poison,Sol,Vol,Psy,Insecte,Roche,Spectre,Dragon,Ténèbres,Acier,Fée
Normal,1.0,1.0,1.0,1.0,1.0,1.0,1.0,1.0,1.0,1.0,1.0,1.0,0.5,0.0,1.0,1.0,0.5,1.0
Feu,1.0,0.5,0.5,1.0,2.0,2.0,1.0,1.0,1.0,1.0,1.0,2.0,0.5,1.0,0.5,1.0,2.0,1.0
Eau,1.0,2.0,0.5,1.0,0.5,1.0,1.0,1.0,2.0,1.0,1.0,1.0,2.0,1.0,0.5,1.0,1.0,1.0
Électrik,1.0,1.0,2.0,0.5,0.5,1.0,1.0,1.0,0.0,2.0,1.0,1.0,1.0,1.0,0.5,1.0,1.0,1.0
Plante,1.0,0.5,2.0,1.0,0.5,1.0,1.0,0.5,2.0,0.5,1.0,0.5,2.0,1.0,0.5,1.0,0.5,1.0
Glace,1.0,0.5,0.5,1.0,2.0,0.5,1.0,1.0,2.0,2.0,1.0,1.0,1.0,1.0,2.0,1.0,0.5,1.0
Combat,2.0,1.0,1.0,1.0,1.0,2.0,1.0,0.5,1.0,0.5,0.5,0.5,2.0,0.0,1.0,2.0,2.0,0.5
Poison,1.0,1.0,1.0,1.0,2.0,1.0,1.0,0.5,0.5,1.0,1.0,1.0,0.5,0.5,1.0,1.0,0.0,2.0
Sol,1.0,2.0,1.0,2.0,0.5,1.0,1.0,2.0,1.0,0.0,1.0,0.5,2.0,1.0,1.0,1.0,2.0,1.0
Vol,1.0,1.0,1.0,1.0,2.0,1.0,2.0,1.0,1.0,1.0,1.0,2.0,0.5,1.0,1.0,1.0,0.5,1.0
Psy,1.0,1.0,1.0,1.0,1.0,1.0,2.0,2.0,1.0,1.0,0.5,1.0,1.0,1.0,1.0,0.0,0.5,1.0
Insecte,1.0,0.5,1.0,1.0,2.0,1.0,0.5,0.5,1.0,0.5,2.0,1.0,1.0,0.5,1.0,2.0,0.5,0.5
Roche,1.0,2.0,1.0,1.0,1.0,2.0,0.5,1.0,0.5,2.0,1.0,2.0,1.0,1.0,1.0,1.0,0.5,1.0
Spectre,0.0,1.0,1.0,1.0,1.0,1.0,1.0,1.0,1.0,1.0,2.0,1.0,1.0,2.0,1.0,0.5,1.0,1.0
Dragon,1.0,1.0,1.0,1.0,1.0,1.0,1.0,1.0,1.0,1.0,1.0,1.0,1.0,1.0,2.0,1.0,0.5,0.0
Ténèbres,1.0,1.0,1.0,1.0,1.0,1.0,0.5,1.0,1.0,1.0,2.0,1.0,1.0,2.0,1.0,0.5,1.0,0.5
Acier,1.0,0.5,0.5,0.5,1.0,2.0,1.0,1.0,1.0,1.0,1.0,1.0,2.0,1.0,1.0,1.0,0.5,2.0
Fée,1.0,0.5,1.0,1.0,1.0,1.0,2.0,0.5,1.0,1.0,1.0,1.0,1.0,1.0,2.0,2.0,0.5,1.0
